Title,Date
"De vuelta a la acción","2/3/25"
"Ad vitam","1/20/25"
"Seis Triple Ocho","12/30/24"
"La Palma: Miniserie: Punto seguro","12/30/24"
"La Palma: Miniserie: A Tenerife","12/30/24"
"La Palma: Miniserie: Despegue","12/30/24"
"El Sindicato","12/22/24"
"Equipaje de mano","12/22/24"
"Ranma1/2: Shampoo hace limpieza","12/22/24"
"Schumacher","12/16/24"
"Senna: Miniserie: Tiempo","12/15/24"
"Senna: Miniserie: Héroe","12/15/24"
"Senna: Miniserie: Pasión","12/15/24"
"Ranma1/2: A ti te amo","12/15/24"
"DAN DA DAN: Primer amor","12/15/24"
"Senna: Miniserie: Ambición","12/15/24"
"Ranma1/2: Beso de la Muerte","12/11/24"
"DAN DA DAN: ¿Has visto una mutilación de ganado?","12/11/24"
"DAN DA DAN: ¡Fusión! ¡Serpi, demonio de Dover, Nessie!","12/11/24"
"Senna: Miniserie: Determinación","12/1/24"
"Ranma1/2: Nunca te soltaré","12/1/24"
"Senna: Miniserie: Vocación","12/1/24"
